{"mem": 1.0200724601745605, "ellipse_time": 67.71535205841064, "num_GS": 592158}