{"mem": 1.358691692352295, "ellipse_time": 174.2320408821106, "num_GS": 817126}