{"mem": 3.2351231575012207, "ellipse_time": 609.5601453781128, "num_GS": 57975}