{"mem": 5.771045207977295, "ellipse_time": 378.2493677139282, "num_GS": 43117}