{"mem": 21.172415256500244, "ellipse_time": 1227.9321942329407, "num_GS": 1302016}