{"mem": 2.992648124694824, "ellipse_time": 54.85783648490906, "num_GS": 31575}