{"mem": 6.77402925491333, "ellipse_time": 1119.4319591522217, "num_GS": 69220}