{"mem": 6.77402925491333, "ellipse_time": 700.7925536632538, "num_GS": 58876}