{"mem": 3.1866488456726074, "ellipse_time": 285.8258435726166, "num_GS": 48335}