{"mem": 2.9892125129699707, "ellipse_time": 13.524629592895508, "num_GS": 31575}