{"mem": 5.771996974945068, "ellipse_time": 348.840833902359, "num_GS": 54454}